stream,dataset,rule,strategy,f1,precision,recall,alarm_rate,flag_everything_f1,lift,warmup_contamination
skab-valve1,SKAB,robust_z@2,static,0.5467778781278224,0.3984514130855594,0.8710223425863236,0.7526223776223776,0.5122247268943991,0.034553151233423285,0.401
skab-valve1,SKAB,robust_z@2,online-no-reset,0.0,0.0,0.0,0.0,0.5122247268943991,-0.5122247268943991,0.401
skab-valve1,SKAB,robust_z@2,periodic,0.0,0.0,0.0,0.0,0.5122247268943991,-0.5122247268943991,0.401
skab-valve1,SKAB,robust_z@2,drift-triggered,0.0,0.0,0.0,0.0,0.5122247268943991,-0.5122247268943991,0.401
skab-valve1,SKAB,robust_z@3,static,0.48886049668609755,0.46273620559334844,0.5181110358835477,0.38548951048951047,0.5122247268943991,-0.023364230208301584,0.401
skab-valve1,SKAB,robust_z@3,online-no-reset,0.0,0.0,0.0,0.0,0.5122247268943991,-0.5122247268943991,0.401
skab-valve1,SKAB,robust_z@3,periodic,0.0,0.0,0.0,0.0,0.5122247268943991,-0.5122247268943991,0.401
skab-valve1,SKAB,robust_z@3,drift-triggered,0.0,0.0,0.0,0.0,0.5122247268943991,-0.5122247268943991,0.401
skab-valve1,SKAB,robust_z@5,static,0.01008233910267182,0.6976744186046512,0.0050778605280974946,0.0025058275058275057,0.5122247268943991,-0.5021423877917273,0.401
skab-valve1,SKAB,robust_z@5,online-no-reset,0.0,0.0,0.0,0.0,0.5122247268943991,-0.5122247268943991,0.401
skab-valve1,SKAB,robust_z@5,periodic,0.0,0.0,0.0,0.0,0.5122247268943991,-0.5122247268943991,0.401
skab-valve1,SKAB,robust_z@5,drift-triggered,0.0,0.0,0.0,0.0,0.5122247268943991,-0.5122247268943991,0.401
skab-valve1,SKAB,tukey@1.5,static,0.5254201827184601,0.4468034634088483,0.6376100203114421,0.4913170163170163,0.5122247268943991,0.013195455824061009,0.401
skab-valve1,SKAB,tukey@1.5,online-no-reset,0.0,0.0,0.0,0.0,0.5122247268943991,-0.5122247268943991,0.401
skab-valve1,SKAB,tukey@1.5,periodic,0.0,0.0,0.0,0.0,0.5122247268943991,-0.5122247268943991,0.401
skab-valve1,SKAB,tukey@1.5,drift-triggered,0.0,0.0,0.0,0.0,0.5122247268943991,-0.5122247268943991,0.401
skab-valve1,SKAB,tukey@3,static,0.025836369658827425,0.6,0.013202437373053487,0.007575757575757576,0.5122247268943991,-0.4863883572355717,0.401
skab-valve1,SKAB,tukey@3,online-no-reset,0.0,0.0,0.0,0.0,0.5122247268943991,-0.5122247268943991,0.401
skab-valve1,SKAB,tukey@3,periodic,0.0,0.0,0.0,0.0,0.5122247268943991,-0.5122247268943991,0.401
skab-valve1,SKAB,tukey@3,drift-triggered,0.0,0.0,0.0,0.0,0.5122247268943991,-0.5122247268943991,0.401
skab-valve1,SKAB,target_rate@0.05,static,0.5447943144680188,0.3927743286708056,0.8887948544346649,0.779079254079254,0.5122247268943991,0.03256958757361972,0.401
skab-valve1,SKAB,target_rate@0.05,online-no-reset,0.04232299124900558,0.35278514588859416,0.022511848341232227,0.02196969696969697,0.5122247268943991,-0.46990173564539356,0.401
skab-valve1,SKAB,target_rate@0.05,periodic,0.11329039812646371,0.41883116883116883,0.06550440081245769,0.05384615384615385,0.5122247268943991,-0.39893432876793544,0.401
skab-valve1,SKAB,target_rate@0.05,drift-triggered,0.10113185359400265,0.3843575418994413,0.05822613405551794,0.05215617715617716,0.5122247268943991,-0.41109287330039646,0.401
skab-valve1,SKAB,target_rate@0.10,static,0.5373205061371499,0.3731323635884947,0.9595463777928233,0.8853729603729604,0.5122247268943991,0.02509577924275075,0.401
skab-valve1,SKAB,target_rate@0.10,online-no-reset,0.10812390414962011,0.3952991452991453,0.06262694651320244,0.05454545454545454,0.5122247268943991,-0.404100822744779,0.401
skab-valve1,SKAB,target_rate@0.10,periodic,0.19710220597833183,0.4306902452937821,0.12779282329045363,0.10215617715617716,0.5122247268943991,-0.3151225209160673,0.401
skab-valve1,SKAB,target_rate@0.10,drift-triggered,0.2021331945889698,0.43651685393258427,0.13151658767772512,0.10372960372960373,0.5122247268943991,-0.3100915323054293,0.401
skab-valve1,SKAB,quantile@0.9,static,0.5373205061371499,0.3731323635884947,0.9595463777928233,0.8853729603729604,0.5122247268943991,0.02509577924275075,0.401
skab-valve1,SKAB,quantile@0.9,online-no-reset,0.10812390414962011,0.3952991452991453,0.06262694651320244,0.05454545454545454,0.5122247268943991,-0.404100822744779,0.401
skab-valve1,SKAB,quantile@0.9,periodic,0.19710220597833183,0.4306902452937821,0.12779282329045363,0.10215617715617716,0.5122247268943991,-0.3151225209160673,0.401
skab-valve1,SKAB,quantile@0.9,drift-triggered,0.2021331945889698,0.43651685393258427,0.13151658767772512,0.10372960372960373,0.5122247268943991,-0.3100915323054293,0.401
skab-valve1,SKAB,quantile@0.98,static,0.5443092165616782,0.42612276165852725,0.7532159783344617,0.6085664335664336,0.5122247268943991,0.03208448966727906,0.401
skab-valve1,SKAB,quantile@0.98,online-no-reset,0.016515276630883566,0.3401360544217687,0.008463100880162491,0.008566433566433567,0.5122247268943991,-0.49570945026351554,0.401
skab-valve1,SKAB,quantile@0.98,periodic,0.058503836317135544,0.5258620689655172,0.03097494922139472,0.02027972027972028,0.5122247268943991,-0.4537208905772636,0.401
skab-valve1,SKAB,quantile@0.98,drift-triggered,0.0651517559192754,0.5324675324675324,0.034698713608666214,0.022435897435897436,0.5122247268943991,-0.4470729709751237,0.401
skab-valve1,SKAB,hand-tuned,static,0.5131367525079255,0.34511361644955896,1.0,0.9976107226107226,0.5122247268943991,0.0009120256135263238,0.401
skab-valve1,SKAB,hand-tuned,online-no-reset,0.3565749794389107,0.3874875868917577,0.3302301963439404,0.2934149184149184,0.5122247268943991,-0.15564974745548843,0.401
skab-valve1,SKAB,hand-tuned,periodic,0.5437441204139228,0.45085803432137284,0.6848341232227488,0.522960372960373,0.5122247268943991,0.03151939351952371,0.401
skab-valve1,SKAB,hand-tuned,drift-triggered,0.502287470126323,0.4209682957536912,0.6225457007447529,0.5091491841491842,0.5122247268943991,-0.009937256768076108,0.401
machine_temperature_system_failure,NAB,robust_z@2,static,0.24537452847134902,0.154071734716896,0.6022927689594356,0.4086655911500346,0.18929182489671578,0.05608270357463324,0.0
machine_temperature_system_failure,NAB,robust_z@2,online-no-reset,0.0,0.0,0.0,0.0,0.18929182489671578,-0.18929182489671578,0.0
machine_temperature_system_failure,NAB,robust_z@2,periodic,0.0,0.0,0.0,0.046093569946992395,0.18929182489671578,-0.18929182489671578,0.0
machine_temperature_system_failure,NAB,robust_z@2,drift-triggered,0.13485551195148054,0.3532710280373832,0.08333333333333333,0.024660059921640932,0.18929182489671578,-0.05443631294523524,0.0
machine_temperature_system_failure,NAB,robust_z@3,static,0.2395812361586471,0.1552308896425776,0.5246913580246914,0.3533533072136437,0.18929182489671578,0.050289411261931316,0.0
machine_temperature_system_failure,NAB,robust_z@3,online-no-reset,0.0,0.0,0.0,0.0,0.18929182489671578,-0.18929182489671578,0.0
machine_temperature_system_failure,NAB,robust_z@3,periodic,0.0,0.0,0.0,0.0,0.18929182489671578,-0.18929182489671578,0.0
machine_temperature_system_failure,NAB,robust_z@3,drift-triggered,0.11252566735112936,0.8203592814371258,0.06040564373897707,0.00769762618114773,0.18929182489671578,-0.07676615754558642,0.0
machine_temperature_system_failure,NAB,robust_z@5,static,0.0,0.0,0.0,0.0,0.18929182489671578,-0.18929182489671578,0.0
machine_temperature_system_failure,NAB,robust_z@5,online-no-reset,0.0,0.0,0.0,0.0,0.18929182489671578,-0.18929182489671578,0.0
machine_temperature_system_failure,NAB,robust_z@5,periodic,0.0,0.0,0.0,0.0,0.18929182489671578,-0.18929182489671578,0.0
machine_temperature_system_failure,NAB,robust_z@5,drift-triggered,0.0,0.0,0.0,0.0,0.18929182489671578,-0.18929182489671578,0.0
machine_temperature_system_failure,NAB,tukey@1.5,static,0.24508532082626486,0.15839030052882755,0.5414462081128748,0.357363447799032,0.18929182489671578,0.055793495929549075,0.0
machine_temperature_system_failure,NAB,tukey@1.5,online-no-reset,0.0,0.0,0.0,0.0,0.18929182489671578,-0.18929182489671578,0.0
machine_temperature_system_failure,NAB,tukey@1.5,periodic,0.0,0.0,0.0,0.0,0.18929182489671578,-0.18929182489671578,0.0
machine_temperature_system_failure,NAB,tukey@1.5,drift-triggered,0.07139821504462389,0.9882352941176471,0.037037037037037035,0.003917953445494353,0.18929182489671578,-0.1178936098520919,0.0
machine_temperature_system_failure,NAB,tukey@3,static,0.0,0.0,0.0,0.0,0.18929182489671578,-0.18929182489671578,0.0
machine_temperature_system_failure,NAB,tukey@3,online-no-reset,0.0,0.0,0.0,0.0,0.18929182489671578,-0.18929182489671578,0.0
machine_temperature_system_failure,NAB,tukey@3,periodic,0.0,0.0,0.0,0.0,0.18929182489671578,-0.18929182489671578,0.0
machine_temperature_system_failure,NAB,tukey@3,drift-triggered,0.0,0.0,0.0,0.0,0.18929182489671578,-0.18929182489671578,0.0
machine_temperature_system_failure,NAB,target_rate@0.05,static,0.24520463183947674,0.1533443891652847,0.6115520282186949,0.4169163401705462,0.18929182489671578,0.05591280694276096,0.0
machine_temperature_system_failure,NAB,target_rate@0.05,online-no-reset,0.5162046075751661,0.46320953048353186,0.5828924162257496,0.1315510486287163,0.18929182489671578,0.32691278267845025,0.0
machine_temperature_system_failure,NAB,target_rate@0.05,periodic,0.4377370938479301,0.34967061923583664,0.5850970017636684,0.17492509794883615,0.18929182489671578,0.2484452689512143,0.0
machine_temperature_system_failure,NAB,target_rate@0.05,drift-triggered,0.35719557195571955,0.4040066777963272,0.3201058201058201,0.08283014519474534,0.18929182489671578,0.16790374705900377,0.0
machine_temperature_system_failure,NAB,target_rate@0.10,static,0.26487461071955415,0.16267364606402254,0.7125220458553791,0.45789352385342247,0.18929182489671578,0.07558278582283837,0.0
machine_temperature_system_failure,NAB,target_rate@0.10,online-no-reset,0.47373876986869384,0.38948863636363634,0.6044973544973545,0.16224936621341324,0.18929182489671578,0.2844469449719781,0.0
machine_temperature_system_failure,NAB,target_rate@0.10,periodic,0.36729293463879337,0.2623818525519849,0.6119929453262787,0.24383498501958978,0.18929182489671578,0.17800110974207758,0.0
machine_temperature_system_failure,NAB,target_rate@0.10,drift-triggered,0.3390862944162436,0.314264207753105,0.3681657848324515,0.12247061534915879,0.18929182489671578,0.14979446951952782,0.0
machine_temperature_system_failure,NAB,quantile@0.9,static,0.26487461071955415,0.16267364606402254,0.7125220458553791,0.45789352385342247,0.18929182489671578,0.07558278582283837,0.0
machine_temperature_system_failure,NAB,quantile@0.9,online-no-reset,0.47373876986869384,0.38948863636363634,0.6044973544973545,0.16224936621341324,0.18929182489671578,0.2844469449719781,0.0
machine_temperature_system_failure,NAB,quantile@0.9,periodic,0.36729293463879337,0.2623818525519849,0.6119929453262787,0.24383498501958978,0.18929182489671578,0.17800110974207758,0.0
machine_temperature_system_failure,NAB,quantile@0.9,drift-triggered,0.3390862944162436,0.314264207753105,0.3681657848324515,0.12247061534915879,0.18929182489671578,0.14979446951952782,0.0
machine_temperature_system_failure,NAB,quantile@0.98,static,0.2437932041670723,0.15644133449956266,0.5520282186948854,0.3688868402857801,0.18929182489671578,0.05450137927035653,0.0
machine_temperature_system_failure,NAB,quantile@0.98,online-no-reset,0.5282940070996033,0.5017850059500198,0.5577601410934744,0.11620188983636782,0.18929182489671578,0.33900218220288747,0.0
machine_temperature_system_failure,NAB,quantile@0.98,periodic,0.15935278254474136,0.17945886250690227,0.14329805996472664,0.08347545517400323,0.18929182489671578,-0.02993904235197442,0.0
machine_temperature_system_failure,NAB,quantile@0.98,drift-triggered,0.21332499218016893,0.36706135629709363,0.15035273368606702,0.04282092648075594,0.18929182489671578,0.024033167283453144,0.0
machine_temperature_system_failure,NAB,hand-tuned,static,0.2437932041670723,0.15644133449956266,0.5520282186948854,0.3688868402857801,0.18929182489671578,0.05450137927035653,0.0
machine_temperature_system_failure,NAB,hand-tuned,online-no-reset,0.5282940070996033,0.5017850059500198,0.5577601410934744,0.11620188983636782,0.18929182489671578,0.33900218220288747,0.0
machine_temperature_system_failure,NAB,hand-tuned,periodic,0.15935278254474136,0.17945886250690227,0.14329805996472664,0.08347545517400323,0.18929182489671578,-0.02993904235197442,0.0
machine_temperature_system_failure,NAB,hand-tuned,drift-triggered,0.21332499218016893,0.36706135629709363,0.15035273368606702,0.04282092648075594,0.18929182489671578,0.024033167283453144,0.0
cpu_utilization_asg_misconfiguration,NAB,robust_z@2,static,0.2824758306478497,0.16946666666666665,0.847898599066044,0.4398826979472141,0.16162596366380938,0.12084986698404032,0.0
cpu_utilization_asg_misconfiguration,NAB,robust_z@2,online-no-reset,0.33485232067510545,0.22413014008133755,0.6617745163442295,0.25958944281524926,0.16162596366380938,0.17322635701129607,0.0
cpu_utilization_asg_misconfiguration,NAB,robust_z@2,periodic,0.37873523280055593,0.2560488607000235,0.7271514342895263,0.2496774193548387,0.16162596366380938,0.21710926913674655,0.0
cpu_utilization_asg_misconfiguration,NAB,robust_z@2,drift-triggered,0.08647313156269301,0.06253722453841572,0.1400933955970647,0.196950146627566,0.16162596366380938,-0.07515283210111637,0.0
cpu_utilization_asg_misconfiguration,NAB,robust_z@3,static,0.30844399899774494,0.18988122782662348,0.8212141427618412,0.38023460410557186,0.16162596366380938,0.14681803533393556,0.0
cpu_utilization_asg_misconfiguration,NAB,robust_z@3,online-no-reset,0.0,0.0,0.0,0.0,0.16162596366380938,-0.16162596366380938,0.0
cpu_utilization_asg_misconfiguration,NAB,robust_z@3,periodic,0.0,0.0,0.0,0.0649266862170088,0.16162596366380938,-0.16162596366380938,0.0
cpu_utilization_asg_misconfiguration,NAB,robust_z@3,drift-triggered,0.0,0.0,0.0,0.06005865102639296,0.16162596366380938,-0.16162596366380938,0.0
cpu_utilization_asg_misconfiguration,NAB,robust_z@5,static,0.38189884649511974,0.2601547388781431,0.7178118745830554,0.24258064516129033,0.16162596366380938,0.22027288283131036,0.0
cpu_utilization_asg_misconfiguration,NAB,robust_z@5,online-no-reset,0.0,0.0,0.0,0.0,0.16162596366380938,-0.16162596366380938,0.0
cpu_utilization_asg_misconfiguration,NAB,robust_z@5,periodic,0.0,0.0,0.0,0.009618768328445748,0.16162596366380938,-0.16162596366380938,0.0
cpu_utilization_asg_misconfiguration,NAB,robust_z@5,drift-triggered,0.0,0.0,0.0,0.031143695014662756,0.16162596366380938,-0.16162596366380938,0.0
cpu_utilization_asg_misconfiguration,NAB,tukey@1.5,static,0.37986901068597034,0.25610039507320476,0.7351567711807871,0.25237536656891496,0.16162596366380938,0.21824304702216096,0.0
cpu_utilization_asg_misconfiguration,NAB,tukey@1.5,online-no-reset,0.0,0.0,0.0,0.0,0.16162596366380938,-0.16162596366380938,0.0
cpu_utilization_asg_misconfiguration,NAB,tukey@1.5,periodic,0.0,0.0,0.0,0.004868035190615836,0.16162596366380938,-0.16162596366380938,0.0
cpu_utilization_asg_misconfiguration,NAB,tukey@1.5,drift-triggered,0.0,0.0,0.0,0.0,0.16162596366380938,-0.16162596366380938,0.0
cpu_utilization_asg_misconfiguration,NAB,tukey@3,static,0.11142974190905366,0.14437367303609341,0.09072715143428953,0.05524926686217009,0.16162596366380938,-0.050196221754755715,0.0
cpu_utilization_asg_misconfiguration,NAB,tukey@3,online-no-reset,0.0,0.0,0.0,0.0,0.16162596366380938,-0.16162596366380938,0.0
cpu_utilization_asg_misconfiguration,NAB,tukey@3,periodic,0.0,0.0,0.0,0.0,0.16162596366380938,-0.16162596366380938,0.0
cpu_utilization_asg_misconfiguration,NAB,tukey@3,drift-triggered,0.0,0.0,0.0,0.0,0.16162596366380938,-0.16162596366380938,0.0
cpu_utilization_asg_misconfiguration,NAB,target_rate@0.05,static,0.3994402239104358,0.28518412789037967,0.6664442961974649,0.20545454545454545,0.16162596366380938,0.23781426024662644,0.0
cpu_utilization_asg_misconfiguration,NAB,target_rate@0.05,online-no-reset,0.28425787106446776,0.2581699346405229,0.3162108072048032,0.107683284457478,0.16162596366380938,0.12263190740065838,0.0
cpu_utilization_asg_misconfiguration,NAB,target_rate@0.05,periodic,0.0,0.0,0.0,0.038651026392961876,0.16162596366380938,-0.16162596366380938,0.0
cpu_utilization_asg_misconfiguration,NAB,target_rate@0.05,drift-triggered,0.0,0.0,0.0,0.04211143695014663,0.16162596366380938,-0.16162596366380938,0.0
cpu_utilization_asg_misconfiguration,NAB,target_rate@0.10,static,0.3457005674378001,0.22106438407145515,0.7925283522348232,0.3151906158357771,0.16162596366380938,0.1840746037739907,0.0
cpu_utilization_asg_misconfiguration,NAB,target_rate@0.10,online-no-reset,0.2708947885939036,0.21448034254573764,0.3675783855903936,0.15067448680351905,0.16162596366380938,0.10926882493009421,0.0
cpu_utilization_asg_misconfiguration,NAB,target_rate@0.10,periodic,0.08638906152889994,0.08086096567771961,0.09272848565710473,0.10082111436950146,0.16162596366380938,-0.07523690213490944,0.0
cpu_utilization_asg_misconfiguration,NAB,target_rate@0.10,drift-triggered,0.10982658959537574,0.09688934217236105,0.12675116744496331,0.11501466275659825,0.16162596366380938,-0.05179937406843364,0.0
cpu_utilization_asg_misconfiguration,NAB,quantile@0.9,static,0.3457005674378001,0.22106438407145515,0.7925283522348232,0.3151906158357771,0.16162596366380938,0.1840746037739907,0.0
cpu_utilization_asg_misconfiguration,NAB,quantile@0.9,online-no-reset,0.2708947885939036,0.21448034254573764,0.3675783855903936,0.15067448680351905,0.16162596366380938,0.10926882493009421,0.0
cpu_utilization_asg_misconfiguration,NAB,quantile@0.9,periodic,0.08638906152889994,0.08086096567771961,0.09272848565710473,0.10082111436950146,0.16162596366380938,-0.07523690213490944,0.0
cpu_utilization_asg_misconfiguration,NAB,quantile@0.9,drift-triggered,0.10982658959537574,0.09688934217236105,0.12675116744496331,0.11501466275659825,0.16162596366380938,-0.05179937406843364,0.0
cpu_utilization_asg_misconfiguration,NAB,quantile@0.98,static,0.1628065395095368,0.1663187195546277,0.15943962641761175,0.08428152492668621,0.16162596366380938,0.0011805758457274218,0.0
cpu_utilization_asg_misconfiguration,NAB,quantile@0.98,online-no-reset,0.04938271604938272,0.0585544373284538,0.04269513008672448,0.06410557184750733,0.16162596366380938,-0.11224324761442667,0.0
cpu_utilization_asg_misconfiguration,NAB,quantile@0.98,periodic,0.0,0.0,0.0,0.02973607038123167,0.16162596366380938,-0.16162596366380938,0.0
cpu_utilization_asg_misconfiguration,NAB,quantile@0.98,drift-triggered,0.0,0.0,0.0,0.02785923753665689,0.16162596366380938,-0.16162596366380938,0.0
cpu_utilization_asg_misconfiguration,NAB,hand-tuned,static,0.1628065395095368,0.1663187195546277,0.15943962641761175,0.08428152492668621,0.16162596366380938,0.0011805758457274218,0.0
cpu_utilization_asg_misconfiguration,NAB,hand-tuned,online-no-reset,0.04938271604938272,0.0585544373284538,0.04269513008672448,0.06410557184750733,0.16162596366380938,-0.11224324761442667,0.0
cpu_utilization_asg_misconfiguration,NAB,hand-tuned,periodic,0.0,0.0,0.0,0.02973607038123167,0.16162596366380938,-0.16162596366380938,0.0
cpu_utilization_asg_misconfiguration,NAB,hand-tuned,drift-triggered,0.0,0.0,0.0,0.02785923753665689,0.16162596366380938,-0.16162596366380938,0.0
nyc_taxi,NAB,robust_z@2,static,0.09713024282560705,0.2037037037037037,0.06376811594202898,0.03476394849785408,0.1999034282955094,-0.10277318546990234,0.0
nyc_taxi,NAB,robust_z@2,online-no-reset,0.0,0.0,0.0,0.0,0.1999034282955094,-0.1999034282955094,0.0
nyc_taxi,NAB,robust_z@2,periodic,0.0,0.0,0.0,0.0,0.1999034282955094,-0.1999034282955094,0.0
nyc_taxi,NAB,robust_z@2,drift-triggered,0.0,0.0,0.0,0.0,0.1999034282955094,-0.1999034282955094,0.0
nyc_taxi,NAB,robust_z@3,static,0.019642857142857146,0.12941176470588237,0.010628019323671498,0.009120171673819743,0.1999034282955094,-0.18026057115265223,0.0
nyc_taxi,NAB,robust_z@3,online-no-reset,0.0,0.0,0.0,0.0,0.1999034282955094,-0.1999034282955094,0.0
nyc_taxi,NAB,robust_z@3,periodic,0.0,0.0,0.0,0.0,0.1999034282955094,-0.1999034282955094,0.0
nyc_taxi,NAB,robust_z@3,drift-triggered,0.0,0.0,0.0,0.0,0.1999034282955094,-0.1999034282955094,0.0
nyc_taxi,NAB,robust_z@5,static,0.0,0.0,0.0,0.0,0.1999034282955094,-0.1999034282955094,0.0
nyc_taxi,NAB,robust_z@5,online-no-reset,0.0,0.0,0.0,0.0,0.1999034282955094,-0.1999034282955094,0.0
nyc_taxi,NAB,robust_z@5,periodic,0.0,0.0,0.0,0.0,0.1999034282955094,-0.1999034282955094,0.0
nyc_taxi,NAB,robust_z@5,drift-triggered,0.0,0.0,0.0,0.0,0.1999034282955094,-0.1999034282955094,0.0
nyc_taxi,NAB,tukey@1.5,static,0.07903225806451612,0.23902439024390243,0.04734299516908213,0.021995708154506438,0.1999034282955094,-0.12087117023099327,0.0
nyc_taxi,NAB,tukey@1.5,online-no-reset,0.0,0.0,0.0,0.0,0.1999034282955094,-0.1999034282955094,0.0
nyc_taxi,NAB,tukey@1.5,periodic,0.0,0.0,0.0,0.0,0.1999034282955094,-0.1999034282955094,0.0
nyc_taxi,NAB,tukey@1.5,drift-triggered,0.0,0.0,0.0,0.0,0.1999034282955094,-0.1999034282955094,0.0
nyc_taxi,NAB,tukey@3,static,0.0,0.0,0.0,0.0,0.1999034282955094,-0.1999034282955094,0.0
nyc_taxi,NAB,tukey@3,online-no-reset,0.0,0.0,0.0,0.0,0.1999034282955094,-0.1999034282955094,0.0
nyc_taxi,NAB,tukey@3,periodic,0.0,0.0,0.0,0.0,0.1999034282955094,-0.1999034282955094,0.0
nyc_taxi,NAB,tukey@3,drift-triggered,0.0,0.0,0.0,0.0,0.1999034282955094,-0.1999034282955094,0.0
nyc_taxi,NAB,target_rate@0.05,static,0.1213840045377198,0.14697802197802198,0.10338164251207729,0.07811158798283262,0.1999034282955094,-0.07851942375778959,0.0
nyc_taxi,NAB,target_rate@0.05,online-no-reset,0.13242574257425743,0.18416523235800344,0.10338164251207729,0.06233905579399142,0.1999034282955094,-0.06747768572125196,0.0
nyc_taxi,NAB,target_rate@0.05,periodic,0.1199760047990402,0.15822784810126583,0.0966183574879227,0.06781115879828326,0.1999034282955094,-0.07992742349646918,0.0
nyc_taxi,NAB,target_rate@0.05,drift-triggered,0.1183591123066577,0.19469026548672566,0.08502415458937199,0.04849785407725322,0.1999034282955094,-0.08154431598885169,0.0
nyc_taxi,NAB,target_rate@0.10,static,0.18387799564270155,0.16746031746031745,0.2038647342995169,0.1351931330472103,0.1999034282955094,-0.01602543265280784,0.0
nyc_taxi,NAB,target_rate@0.10,online-no-reset,0.15208690680388795,0.18627450980392157,0.1285024154589372,0.07660944206008584,0.1999034282955094,-0.04781652149162144,0.0
nyc_taxi,NAB,target_rate@0.10,periodic,0.1685288640595903,0.16262353998203055,0.1748792270531401,0.1194206008583691,0.1999034282955094,-0.031374564235919083,0.0
nyc_taxi,NAB,target_rate@0.10,drift-triggered,0.19634928465712875,0.2006048387096774,0.19227053140096617,0.10643776824034334,0.1999034282955094,-0.0035541436383806357,0.0
nyc_taxi,NAB,quantile@0.9,static,0.18387799564270155,0.16746031746031745,0.2038647342995169,0.1351931330472103,0.1999034282955094,-0.01602543265280784,0.0
nyc_taxi,NAB,quantile@0.9,online-no-reset,0.15208690680388795,0.18627450980392157,0.1285024154589372,0.07660944206008584,0.1999034282955094,-0.04781652149162144,0.0
nyc_taxi,NAB,quantile@0.9,periodic,0.1685288640595903,0.16262353998203055,0.1748792270531401,0.1194206008583691,0.1999034282955094,-0.031374564235919083,0.0
nyc_taxi,NAB,quantile@0.9,drift-triggered,0.19634928465712875,0.2006048387096774,0.19227053140096617,0.10643776824034334,0.1999034282955094,-0.0035541436383806357,0.0
nyc_taxi,NAB,quantile@0.98,static,0.09907997169143665,0.18518518518518517,0.06763285024154589,0.04055793991416309,0.1999034282955094,-0.10082345660407274,0.0
nyc_taxi,NAB,quantile@0.98,online-no-reset,0.11197732104890147,0.21010638297872342,0.07632850241545894,0.04034334763948498,0.1999034282955094,-0.08792610724660792,0.0
nyc_taxi,NAB,quantile@0.98,periodic,0.06686930091185411,0.15658362989323843,0.04251207729468599,0.03015021459227468,0.1999034282955094,-0.13303412738365528,0.0
nyc_taxi,NAB,quantile@0.98,drift-triggered,0.07383100902378999,0.24456521739130435,0.043478260869565216,0.019742489270386267,0.1999034282955094,-0.12607241927171942,0.0
nyc_taxi,NAB,hand-tuned,static,0.09907997169143665,0.18518518518518517,0.06763285024154589,0.04055793991416309,0.1999034282955094,-0.10082345660407274,0.0
nyc_taxi,NAB,hand-tuned,online-no-reset,0.11197732104890147,0.21010638297872342,0.07632850241545894,0.04034334763948498,0.1999034282955094,-0.08792610724660792,0.0
nyc_taxi,NAB,hand-tuned,periodic,0.06686930091185411,0.15658362989323843,0.04251207729468599,0.03015021459227468,0.1999034282955094,-0.13303412738365528,0.0
nyc_taxi,NAB,hand-tuned,drift-triggered,0.07383100902378999,0.24456521739130435,0.043478260869565216,0.019742489270386267,0.1999034282955094,-0.12607241927171942,0.0
ambient_temperature_system_failure,NAB,robust_z@2,static,0.33885941644562334,0.22314410480349345,0.7038567493112947,0.3654060954204564,0.20763620763620763,0.1312232088094157,0.0
ambient_temperature_system_failure,NAB,robust_z@2,online-no-reset,0.0,0.0,0.0,0.0,0.20763620763620763,-0.20763620763620763,0.0
ambient_temperature_system_failure,NAB,robust_z@2,periodic,0.0,0.0,0.0,0.0,0.20763620763620763,-0.20763620763620763,0.0
ambient_temperature_system_failure,NAB,robust_z@2,drift-triggered,0.0,0.0,0.0,0.023775331099409606,0.20763620763620763,-0.20763620763620763,0.0
ambient_temperature_system_failure,NAB,robust_z@3,static,0.35378787878787876,0.24399164054336467,0.6432506887052342,0.305409286740067,0.20763620763620763,0.14615167115167113,0.0
ambient_temperature_system_failure,NAB,robust_z@3,online-no-reset,0.0,0.0,0.0,0.0,0.20763620763620763,-0.20763620763620763,0.0
ambient_temperature_system_failure,NAB,robust_z@3,periodic,0.0,0.0,0.0,0.0,0.20763620763620763,-0.20763620763620763,0.0
ambient_temperature_system_failure,NAB,robust_z@3,drift-triggered,0.0,0.0,0.0,0.0,0.20763620763620763,-0.20763620763620763,0.0
ambient_temperature_system_failure,NAB,robust_z@5,static,0.3690103000447828,0.2733908427339084,0.5674931129476584,0.24046593266315622,0.20763620763620763,0.16137409240857517,0.0
ambient_temperature_system_failure,NAB,robust_z@5,online-no-reset,0.0,0.0,0.0,0.0,0.20763620763620763,-0.20763620763620763,0.0
ambient_temperature_system_failure,NAB,robust_z@5,periodic,0.0,0.0,0.0,0.0,0.20763620763620763,-0.20763620763620763,0.0
ambient_temperature_system_failure,NAB,robust_z@5,drift-triggered,0.0,0.0,0.0,0.0,0.20763620763620763,-0.20763620763620763,0.0
ambient_temperature_system_failure,NAB,tukey@1.5,static,0.350864288341302,0.23933768188660312,0.6570247933884298,0.3180149992021701,0.20763620763620763,0.14322808070509438,0.0
ambient_temperature_system_failure,NAB,tukey@1.5,online-no-reset,0.0,0.0,0.0,0.0,0.20763620763620763,-0.20763620763620763,0.0
ambient_temperature_system_failure,NAB,tukey@1.5,periodic,0.0,0.0,0.0,0.0,0.20763620763620763,-0.20763620763620763,0.0
ambient_temperature_system_failure,NAB,tukey@1.5,drift-triggered,0.0,0.0,0.0,0.0,0.20763620763620763,-0.20763620763620763,0.0
ambient_temperature_system_failure,NAB,tukey@3,static,0.361456102783726,0.2622747047855811,0.581267217630854,0.25674166267751714,0.20763620763620763,0.15381989514751834,0.0
ambient_temperature_system_failure,NAB,tukey@3,online-no-reset,0.0,0.0,0.0,0.0,0.20763620763620763,-0.20763620763620763,0.0
ambient_temperature_system_failure,NAB,tukey@3,periodic,0.0,0.0,0.0,0.0,0.20763620763620763,-0.20763620763620763,0.0
ambient_temperature_system_failure,NAB,tukey@3,drift-triggered,0.0,0.0,0.0,0.0,0.20763620763620763,-0.20763620763620763,0.0
ambient_temperature_system_failure,NAB,target_rate@0.05,static,0.35802469135802467,0.25528169014084506,0.5991735537190083,0.27190043082814747,0.20763620763620763,0.15038848372181704,0.0
ambient_temperature_system_failure,NAB,target_rate@0.05,online-no-reset,0.09205020920502092,0.11727078891257996,0.07575757575757576,0.07483644486995372,0.20763620763620763,-0.1155859984311867,0.0
ambient_temperature_system_failure,NAB,target_rate@0.05,periodic,0.24081822408182238,0.18175438596491228,0.35674931129476584,0.2273815222594543,0.20763620763620763,0.03318201644561475,0.0
ambient_temperature_system_failure,NAB,target_rate@0.05,drift-triggered,0.20857863751051303,0.2678185745140389,0.17079889807162535,0.07387904898675603,0.20763620763620763,0.0009424298743054005,0.0
ambient_temperature_system_failure,NAB,target_rate@0.10,static,0.3411167512690355,0.22611036339165544,0.6942148760330579,0.3556725706079464,0.20763620763620763,0.13348054363282788,0.0
ambient_temperature_system_failure,NAB,target_rate@0.10,online-no-reset,0.11715481171548119,0.10348468848996832,0.1349862258953168,0.151108983564704,0.20763620763620763,-0.09048139592072645,0.0
ambient_temperature_system_failure,NAB,target_rate@0.10,periodic,0.2396946564885496,0.16578669482576558,0.4325068870523416,0.302217967129408,0.20763620763620763,0.032058448852341964,0.0
ambient_temperature_system_failure,NAB,target_rate@0.10,drift-triggered,0.20324189526184538,0.1856492027334852,0.22451790633608815,0.14009893090793044,0.20763620763620763,-0.004394312374362247,0.0
ambient_temperature_system_failure,NAB,quantile@0.9,static,0.3411167512690355,0.22611036339165544,0.6942148760330579,0.3556725706079464,0.20763620763620763,0.13348054363282788,0.0
ambient_temperature_system_failure,NAB,quantile@0.9,online-no-reset,0.11715481171548119,0.10348468848996832,0.1349862258953168,0.151108983564704,0.20763620763620763,-0.09048139592072645,0.0
ambient_temperature_system_failure,NAB,quantile@0.9,periodic,0.2396946564885496,0.16578669482576558,0.4325068870523416,0.302217967129408,0.20763620763620763,0.032058448852341964,0.0
ambient_temperature_system_failure,NAB,quantile@0.9,drift-triggered,0.20324189526184538,0.1856492027334852,0.22451790633608815,0.14009893090793044,0.20763620763620763,-0.004394312374362247,0.0
ambient_temperature_system_failure,NAB,quantile@0.98,static,0.37125129265770423,0.29718543046357615,0.49449035812672176,0.19275570448380405,0.20763620763620763,0.1636150850214966,0.0
ambient_temperature_system_failure,NAB,quantile@0.98,online-no-reset,0.08492569002123142,0.18518518518518517,0.05509641873278237,0.03446625179511728,0.20763620763620763,-0.12271051761497621,0.0
ambient_temperature_system_failure,NAB,quantile@0.98,periodic,0.28949199721642305,0.29254571026722925,0.2865013774104683,0.11345141215892772,0.20763620763620763,0.08185578958021542,0.0
ambient_temperature_system_failure,NAB,quantile@0.98,drift-triggered,0.07627118644067797,0.1651376146788991,0.049586776859504134,0.03478538375618318,0.20763620763620763,-0.13136502119552967,0.0
ambient_temperature_system_failure,NAB,hand-tuned,static,0.37125129265770423,0.29718543046357615,0.49449035812672176,0.19275570448380405,0.20763620763620763,0.1636150850214966,0.0
ambient_temperature_system_failure,NAB,hand-tuned,online-no-reset,0.08492569002123142,0.18518518518518517,0.05509641873278237,0.03446625179511728,0.20763620763620763,-0.12271051761497621,0.0
ambient_temperature_system_failure,NAB,hand-tuned,periodic,0.28949199721642305,0.29254571026722925,0.2865013774104683,0.11345141215892772,0.20763620763620763,0.08185578958021542,0.0
ambient_temperature_system_failure,NAB,hand-tuned,drift-triggered,0.07627118644067797,0.1651376146788991,0.049586776859504134,0.03478538375618318,0.20763620763620763,-0.13136502119552967,0.0
rogue_agent_key_updown,NAB,robust_z@2,static,0.06674338319907941,0.0855457227138643,0.05471698113207547,0.07856315179606026,0.21878224974200206,-0.15203886654292265,0.0
rogue_agent_key_updown,NAB,robust_z@2,online-no-reset,0.06736842105263158,0.0761904761904762,0.06037735849056604,0.09733487833140209,0.21878224974200206,-0.15141382868937048,0.0
rogue_agent_key_updown,NAB,robust_z@2,periodic,0.01820250284414107,0.022922636103151862,0.01509433962264151,0.08088064889918888,0.21878224974200206,-0.20057974689786098,0.0
rogue_agent_key_updown,NAB,robust_z@2,drift-triggered,0.06844919786096257,0.07901234567901234,0.06037735849056604,0.09385863267670916,0.21878224974200206,-0.1503330518810395,0.0
rogue_agent_key_updown,NAB,robust_z@3,static,0.04594180704441042,0.12195121951219512,0.02830188679245283,0.02850521436848204,0.21878224974200206,-0.17284044269759163,0.0
rogue_agent_key_updown,NAB,robust_z@3,online-no-reset,0.044709388971684055,0.10638297872340426,0.02830188679245283,0.03267670915411356,0.21878224974200206,-0.174072860770318,0.0
rogue_agent_key_updown,NAB,robust_z@3,periodic,0.010540184453227932,0.017467248908296942,0.007547169811320755,0.053070683661645426,0.21878224974200206,-0.20824206528877412,0.0
rogue_agent_key_updown,NAB,robust_z@3,drift-triggered,0.03984063745019921,0.06726457399103139,0.02830188679245283,0.05168018539976825,0.21878224974200206,-0.17894161229180283,0.0
rogue_agent_key_updown,NAB,robust_z@5,static,0.02101576182136602,0.14634146341463414,0.011320754716981131,0.009501738122827346,0.21878224974200206,-0.19776648792063603,0.0
rogue_agent_key_updown,NAB,robust_z@5,online-no-reset,0.0,0.0,0.0,0.0,0.21878224974200206,-0.21878224974200206,0.0
rogue_agent_key_updown,NAB,robust_z@5,periodic,0.006269592476489029,0.018518518518518517,0.0037735849056603774,0.025028968713789106,0.21878224974200206,-0.21251265726551302,0.0
rogue_agent_key_updown,NAB,robust_z@5,drift-triggered,0.0,0.0,0.0,0.0,0.21878224974200206,-0.21878224974200206,0.0
rogue_agent_key_updown,NAB,tukey@1.5,static,0.06687565308254963,0.07494145199063232,0.06037735849056604,0.09895712630359212,0.21878224974200206,-0.15190659665945244,0.0
rogue_agent_key_updown,NAB,tukey@1.5,online-no-reset,0.06687565308254963,0.07494145199063232,0.06037735849056604,0.09895712630359212,0.21878224974200206,-0.15190659665945244,0.0
rogue_agent_key_updown,NAB,tukey@1.5,periodic,0.011235955056179775,0.013888888888888888,0.009433962264150943,0.08342989571263036,0.21878224974200206,-0.20754629468582228,0.0
rogue_agent_key_updown,NAB,tukey@1.5,drift-triggered,0.06729758149316509,0.07600950118764846,0.06037735849056604,0.09756662804171495,0.21878224974200206,-0.15148466824883697,0.0
rogue_agent_key_updown,NAB,tukey@3,static,0.04594180704441042,0.12195121951219512,0.02830188679245283,0.02850521436848204,0.21878224974200206,-0.17284044269759163,0.0
rogue_agent_key_updown,NAB,tukey@3,online-no-reset,0.044709388971684055,0.10638297872340426,0.02830188679245283,0.03267670915411356,0.21878224974200206,-0.174072860770318,0.0
rogue_agent_key_updown,NAB,tukey@3,periodic,0.010540184453227932,0.017467248908296942,0.007547169811320755,0.053070683661645426,0.21878224974200206,-0.20824206528877412,0.0
rogue_agent_key_updown,NAB,tukey@3,drift-triggered,0.03984063745019921,0.06726457399103139,0.02830188679245283,0.05168018539976825,0.21878224974200206,-0.17894161229180283,0.0
rogue_agent_key_updown,NAB,target_rate@0.05,static,0.04788732394366197,0.09444444444444444,0.03207547169811321,0.04171494785631518,0.21878224974200206,-0.1708949257983401,0.0
rogue_agent_key_updown,NAB,target_rate@0.05,online-no-reset,0.05224963715529753,0.11320754716981132,0.033962264150943396,0.036848203939745076,0.21878224974200206,-0.16653261258670451,0.0
rogue_agent_key_updown,NAB,target_rate@0.05,periodic,0.020942408376963352,0.03418803418803419,0.01509433962264151,0.054229432213209736,0.21878224974200206,-0.1978398413650387,0.0
rogue_agent_key_updown,NAB,target_rate@0.05,drift-triggered,0.04132231404958678,0.07653061224489796,0.02830188679245283,0.045422943221320976,0.21878224974200206,-0.17745993569241528,0.0
rogue_agent_key_updown,NAB,target_rate@0.10,static,0.06864988558352403,0.0872093023255814,0.05660377358490566,0.07972190034762457,0.21878224974200206,-0.15013236415847803,0.0
rogue_agent_key_updown,NAB,target_rate@0.10,online-no-reset,0.065081351689612,0.09665427509293681,0.04905660377358491,0.06234067207415991,0.21878224974200206,-0.15370089805239007,0.0
rogue_agent_key_updown,NAB,target_rate@0.10,periodic,0.02140309155766944,0.028938906752411574,0.016981132075471698,0.07207415990730012,0.21878224974200206,-0.1973791581843326,0.0
rogue_agent_key_updown,NAB,target_rate@0.10,drift-triggered,0.05787037037037037,0.0748502994011976,0.04716981132075472,0.07740440324449595,0.21878224974200206,-0.16091187937163168,0.0
rogue_agent_key_updown,NAB,quantile@0.9,static,0.06864988558352403,0.0872093023255814,0.05660377358490566,0.07972190034762457,0.21878224974200206,-0.15013236415847803,0.0
rogue_agent_key_updown,NAB,quantile@0.9,online-no-reset,0.065081351689612,0.09665427509293681,0.04905660377358491,0.06234067207415991,0.21878224974200206,-0.15370089805239007,0.0
rogue_agent_key_updown,NAB,quantile@0.9,periodic,0.02140309155766944,0.028938906752411574,0.016981132075471698,0.07207415990730012,0.21878224974200206,-0.1973791581843326,0.0
rogue_agent_key_updown,NAB,quantile@0.9,drift-triggered,0.05787037037037037,0.0748502994011976,0.04716981132075472,0.07740440324449595,0.21878224974200206,-0.16091187937163168,0.0
rogue_agent_key_updown,NAB,quantile@0.98,static,0.0392156862745098,0.14634146341463414,0.022641509433962263,0.019003476245654693,0.21878224974200206,-0.17956656346749225,0.0
rogue_agent_key_updown,NAB,quantile@0.98,online-no-reset,0.03915171288743883,0.14457831325301204,0.022641509433962263,0.019235225955967557,0.21878224974200206,-0.17963053685456323,0.0
rogue_agent_key_updown,NAB,quantile@0.98,periodic,0.012759170653907496,0.041237113402061855,0.007547169811320755,0.022479721900347624,0.21878224974200206,-0.20602307908809456,0.0
rogue_agent_key_updown,NAB,quantile@0.98,drift-triggered,0.03980099502487562,0.1643835616438356,0.022641509433962263,0.016917728852838935,0.21878224974200206,-0.17898125471712645,0.0
rogue_agent_key_updown,NAB,hand-tuned,static,0.0392156862745098,0.14634146341463414,0.022641509433962263,0.019003476245654693,0.21878224974200206,-0.17956656346749225,0.0
rogue_agent_key_updown,NAB,hand-tuned,online-no-reset,0.03915171288743883,0.14457831325301204,0.022641509433962263,0.019235225955967557,0.21878224974200206,-0.17963053685456323,0.0
rogue_agent_key_updown,NAB,hand-tuned,periodic,0.012759170653907496,0.041237113402061855,0.007547169811320755,0.022479721900347624,0.21878224974200206,-0.20602307908809456,0.0
rogue_agent_key_updown,NAB,hand-tuned,drift-triggered,0.03980099502487562,0.1643835616438356,0.022641509433962263,0.016917728852838935,0.21878224974200206,-0.17898125471712645,0.0
ec2_request_latency_system_failure,NAB,robust_z@2,static,0.15993404781533388,0.1118800461361015,0.28034682080924855,0.2859498680738786,0.20485494375370042,-0.04492089593836654,0.0
ec2_request_latency_system_failure,NAB,robust_z@2,online-no-reset,0.1476510067114094,0.12043795620437957,0.1907514450867052,0.18073878627968337,0.20485494375370042,-0.057203937042291014,0.0
ec2_request_latency_system_failure,NAB,robust_z@2,periodic,0.0398406374501992,0.0641025641025641,0.028901734104046242,0.051451187335092345,0.20485494375370042,-0.16501430630350122,0.0
ec2_request_latency_system_failure,NAB,robust_z@2,drift-triggered,0.05803571428571428,0.12745098039215685,0.03757225433526012,0.033641160949868076,0.20485494375370042,-0.14681922946798615,0.0
ec2_request_latency_system_failure,NAB,robust_z@3,static,0.14794007490636704,0.10941828254847645,0.22832369942196531,0.23812664907651715,0.20485494375370042,-0.05691486884733338,0.0
ec2_request_latency_system_failure,NAB,robust_z@3,online-no-reset,0.0,0.0,0.0,0.0,0.20485494375370042,-0.20485494375370042,0.0
ec2_request_latency_system_failure,NAB,robust_z@3,periodic,0.050704225352112685,1.0,0.02601156069364162,0.002968337730870712,0.20485494375370042,-0.15415071840158773,0.0
ec2_request_latency_system_failure,NAB,robust_z@3,drift-triggered,0.0,0.0,0.0,0.0,0.20485494375370042,-0.20485494375370042,0.0
ec2_request_latency_system_failure,NAB,robust_z@5,static,0.1233373639661427,0.10602910602910603,0.14739884393063585,0.15864116094986808,0.20485494375370042,-0.08151757978755772,0.0
ec2_request_latency_system_failure,NAB,robust_z@5,online-no-reset,0.0,0.0,0.0,0.0,0.20485494375370042,-0.20485494375370042,0.0
ec2_request_latency_system_failure,NAB,robust_z@5,periodic,0.0,0.0,0.0,0.0,0.20485494375370042,-0.20485494375370042,0.0
ec2_request_latency_system_failure,NAB,robust_z@5,drift-triggered,0.0,0.0,0.0,0.0,0.20485494375370042,-0.20485494375370042,0.0
ec2_request_latency_system_failure,NAB,tukey@1.5,static,0.13761467889908258,0.11406844106463879,0.17341040462427745,0.17348284960422164,0.20485494375370042,-0.06724026485461784,0.0
ec2_request_latency_system_failure,NAB,tukey@1.5,online-no-reset,0.0,0.0,0.0,0.0,0.20485494375370042,-0.20485494375370042,0.0
ec2_request_latency_system_failure,NAB,tukey@1.5,periodic,0.050704225352112685,1.0,0.02601156069364162,0.002968337730870712,0.20485494375370042,-0.15415071840158773,0.0
ec2_request_latency_system_failure,NAB,tukey@1.5,drift-triggered,0.050704225352112685,1.0,0.02601156069364162,0.002968337730870712,0.20485494375370042,-0.15415071840158773,0.0
ec2_request_latency_system_failure,NAB,tukey@3,static,0.12481426448736999,0.12844036697247707,0.12138728323699421,0.10784960422163588,0.20485494375370042,-0.08004067926633043,0.0
ec2_request_latency_system_failure,NAB,tukey@3,online-no-reset,0.0,0.0,0.0,0.0,0.20485494375370042,-0.20485494375370042,0.0
ec2_request_latency_system_failure,NAB,tukey@3,periodic,0.0,0.0,0.0,0.0,0.20485494375370042,-0.20485494375370042,0.0
ec2_request_latency_system_failure,NAB,tukey@3,drift-triggered,0.0,0.0,0.0,0.0,0.20485494375370042,-0.20485494375370042,0.0
ec2_request_latency_system_failure,NAB,target_rate@0.05,static,0.12199036918138043,0.1371841155234657,0.10982658959537572,0.09135883905013192,0.20485494375370042,-0.08286457457232,0.0
ec2_request_latency_system_failure,NAB,target_rate@0.05,online-no-reset,0.11276948590381426,0.13229571984435798,0.09826589595375723,0.08476253298153034,0.20485494375370042,-0.09208545784988616,0.0
ec2_request_latency_system_failure,NAB,target_rate@0.05,periodic,0.10989010989010989,0.15,0.08670520231213873,0.06596306068601583,0.20485494375370042,-0.09496483386359053,0.0
ec2_request_latency_system_failure,NAB,target_rate@0.05,drift-triggered,0.11334552102376598,0.15422885572139303,0.08959537572254335,0.06629287598944592,0.20485494375370042,-0.09150942272993444,0.0
ec2_request_latency_system_failure,NAB,target_rate@0.10,static,0.13567251461988303,0.11394891944990176,0.1676300578034682,0.16787598944591028,0.20485494375370042,-0.06918242913381739,0.0
ec2_request_latency_system_failure,NAB,target_rate@0.10,online-no-reset,0.14781634938409854,0.1206581352833638,0.1907514450867052,0.1804089709762533,0.20485494375370042,-0.057038594369601875,0.0
ec2_request_latency_system_failure,NAB,target_rate@0.10,periodic,0.12735166425470332,0.12753623188405797,0.12716763005780346,0.1137862796833773,0.20485494375370042,-0.0775032794989971,0.0
ec2_request_latency_system_failure,NAB,target_rate@0.10,drift-triggered,0.11094890510948904,0.11209439528023599,0.10982658959537572,0.11180738786279683,0.20485494375370042,-0.09390603864421138,0.0
ec2_request_latency_system_failure,NAB,quantile@0.9,static,0.13567251461988303,0.11394891944990176,0.1676300578034682,0.16787598944591028,0.20485494375370042,-0.06918242913381739,0.0
ec2_request_latency_system_failure,NAB,quantile@0.9,online-no-reset,0.14781634938409854,0.1206581352833638,0.1907514450867052,0.1804089709762533,0.20485494375370042,-0.057038594369601875,0.0
ec2_request_latency_system_failure,NAB,quantile@0.9,periodic,0.12735166425470332,0.12753623188405797,0.12716763005780346,0.1137862796833773,0.20485494375370042,-0.0775032794989971,0.0
ec2_request_latency_system_failure,NAB,quantile@0.9,drift-triggered,0.11094890510948904,0.11209439528023599,0.10982658959537572,0.11180738786279683,0.20485494375370042,-0.09390603864421138,0.0
ec2_request_latency_system_failure,NAB,quantile@0.98,static,0.10714285714285714,0.17088607594936708,0.07803468208092486,0.052110817941952506,0.20485494375370042,-0.09771208661084328,0.0
ec2_request_latency_system_failure,NAB,quantile@0.98,online-no-reset,0.09892473118279568,0.19327731092436976,0.06647398843930635,0.03924802110817942,0.20485494375370042,-0.10593021257090474,0.0
ec2_request_latency_system_failure,NAB,quantile@0.98,periodic,0.09433962264150944,0.2564102564102564,0.057803468208092484,0.025725593667546173,0.20485494375370042,-0.11051532111219098,0.0
ec2_request_latency_system_failure,NAB,quantile@0.98,drift-triggered,0.09195402298850576,0.2247191011235955,0.057803468208092484,0.029353562005277046,0.20485494375370042,-0.11290092076519466,0.0
ec2_request_latency_system_failure,NAB,hand-tuned,static,0.10714285714285714,0.17088607594936708,0.07803468208092486,0.052110817941952506,0.20485494375370042,-0.09771208661084328,0.0
ec2_request_latency_system_failure,NAB,hand-tuned,online-no-reset,0.09892473118279568,0.19327731092436976,0.06647398843930635,0.03924802110817942,0.20485494375370042,-0.10593021257090474,0.0
ec2_request_latency_system_failure,NAB,hand-tuned,periodic,0.09433962264150944,0.2564102564102564,0.057803468208092484,0.025725593667546173,0.20485494375370042,-0.11051532111219098,0.0
ec2_request_latency_system_failure,NAB,hand-tuned,drift-triggered,0.09195402298850576,0.2247191011235955,0.057803468208092484,0.029353562005277046,0.20485494375370042,-0.11290092076519466,0.0
