series,strategy,threshold_quantile,is_skab_setting,f1,precision,recall,event_f1,event_precision,event_recall,n_true_events,n_detected_events,alarm_rate,flag_everything_f1,n_adaptations,n_steps,seconds
machine_temperature_system_failure,static,0.5,False,0.20806814375269178,0.11669976917708949,0.9585537918871252,0.20900831610825363,0.11669976917708949,1.0,4,4,0.8586771145425213,0.18929182489671578,0,21695,0.26
machine_temperature_system_failure,online-no-reset,0.5,False,0.3162362928899894,0.19778761061946903,0.7883597883597884,0.3302548947173993,0.19778761061946903,1.0,4,4,0.4166858723208112,0.18929182489671578,0,21695,1.51
machine_temperature_system_failure,periodic,0.5,False,0.2441700960219479,0.14219317356572259,0.86331569664903,0.24898270600203462,0.14219317356572259,1.0,4,4,0.6347084581700853,0.18929182489671578,21,21695,3.03
machine_temperature_system_failure,drift-triggered,0.5,False,0.24050813588352843,0.14347752043596732,0.7429453262786596,0.25094943778390055,0.14347752043596732,1.0,4,4,0.5413228854574786,0.18929182489671578,63,21695,7.78
machine_temperature_system_failure,static,0.7,False,0.258018065191779,0.1514988470407379,0.8690476190476191,0.26313330218276487,0.1514988470407379,1.0,4,4,0.5996773450103711,0.18929182489671578,0,21695,0.24
machine_temperature_system_failure,online-no-reset,0.7,False,0.4091403699673558,0.2958300550747443,0.6631393298059964,0.45658773527625984,0.2958300550747443,1.0,4,4,0.23433970961050934,0.18929182489671578,0,21695,1.57
machine_temperature_system_failure,periodic,0.7,False,0.317340701666248,0.1958656330749354,0.8355379188712522,0.327571305099395,0.1958656330749354,1.0,4,4,0.44595528923715144,0.18929182489671578,21,21695,3.1
machine_temperature_system_failure,drift-triggered,0.7,False,0.28001345140679296,0.18773485645573426,0.550705467372134,0.3161225006327512,0.18773485645573426,1.0,4,4,0.3066605208573404,0.18929182489671578,63,21695,8.02
machine_temperature_system_failure,static,0.8,False,0.269120774363863,0.16140381739818804,0.8090828924162258,0.2779460769463799,0.16140381739818804,1.0,4,4,0.5240377967273565,0.18929182489671578,0,21695,0.24
machine_temperature_system_failure,online-no-reset,0.8,False,0.41920644048303624,0.31100682593856654,0.6428571428571429,0.47445493003579564,0.31100682593856654,1.0,4,4,0.21608665591150034,0.18929182489671578,0,21695,1.51
machine_temperature_system_failure,periodic,0.8,False,0.32319545823195456,0.20984728804634017,0.7028218694885362,0.34689880304679,0.20984728804634017,1.0,4,4,0.3501267573173542,0.18929182489671578,21,21695,3.09
machine_temperature_system_failure,drift-triggered,0.8,False,0.33723849372384934,0.24663402692778458,0.533068783068783,0.3956799214531173,0.24663402692778458,1.0,4,4,0.2259506798801567,0.18929182489671578,63,21695,7.84
machine_temperature_system_failure,static,0.9,False,0.26487461071955415,0.16267364606402254,0.7125220458553791,0.2798268398268398,0.16267364606402254,1.0,4,4,0.45789352385342247,0.18929182489671578,0,21695,0.24
machine_temperature_system_failure,online-no-reset,0.9,False,0.47373876986869384,0.38948863636363634,0.6044973544973545,0.56062154978532,0.38948863636363634,1.0,4,4,0.16224936621341324,0.18929182489671578,0,21695,1.56
machine_temperature_system_failure,periodic,0.9,False,0.36729293463879337,0.2623818525519849,0.6119929453262787,0.4156933213536987,0.2623818525519849,1.0,4,4,0.24383498501958978,0.18929182489671578,21,21695,3.21
machine_temperature_system_failure,drift-triggered,0.9,False,0.3390862944162436,0.314264207753105,0.3681657848324515,0.47823596792668954,0.314264207753105,1.0,4,4,0.12247061534915879,0.18929182489671578,63,21695,9.18
machine_temperature_system_failure,static,0.95,False,0.24520463183947674,0.1533443891652847,0.6115520282186949,0.2659125766871166,0.1533443891652847,1.0,4,4,0.4169163401705462,0.18929182489671578,0,21695,0.25
machine_temperature_system_failure,online-no-reset,0.95,False,0.5162046075751661,0.46320953048353186,0.5828924162257496,0.6331417624521073,0.46320953048353186,1.0,4,4,0.1315510486287163,0.18929182489671578,0,21695,1.8
machine_temperature_system_failure,periodic,0.95,False,0.4377370938479301,0.34967061923583664,0.5850970017636684,0.4769663930989039,0.34967061923583664,0.75,4,3,0.17492509794883615,0.18929182489671578,21,21695,3.43
machine_temperature_system_failure,drift-triggered,0.95,False,0.35719557195571955,0.4040066777963272,0.3201058201058201,0.5755053507728894,0.4040066777963272,1.0,4,4,0.08283014519474534,0.18929182489671578,63,21695,9.11
machine_temperature_system_failure,static,0.98,True,0.2437932041670723,0.15644133449956266,0.5520282186948854,0.27055645596974603,0.15644133449956266,1.0,4,4,0.3688868402857801,0.18929182489671578,0,21695,0.26
machine_temperature_system_failure,online-no-reset,0.98,True,0.5282940070996033,0.5017850059500198,0.5577601410934744,0.6682514527205493,0.5017850059500198,1.0,4,4,0.11620188983636782,0.18929182489671578,0,21695,1.77
machine_temperature_system_failure,periodic,0.98,True,0.15935278254474136,0.17945886250690227,0.14329805996472664,0.26412027631044294,0.17945886250690227,0.5,4,2,0.08347545517400323,0.18929182489671578,21,21695,3.51
machine_temperature_system_failure,drift-triggered,0.98,True,0.21332499218016893,0.36706135629709363,0.15035273368606702,0.42333954065797635,0.36706135629709363,0.5,4,2,0.04282092648075594,0.18929182489671578,63,21695,9.0
cpu_utilization_asg_misconfiguration,static,0.5,False,0.20535714285714285,0.1155682103676409,0.9206137424949966,0.20719165227835745,0.1155682103676409,1.0,1,1,0.7003519061583577,0.16162596366380938,0,17050,0.26
cpu_utilization_asg_misconfiguration,online-no-reset,0.5,False,0.21766208878952414,0.1236281179138322,0.9092728485657104,0.22005166289958025,0.1236281179138322,1.0,1,1,0.6466275659824047,0.16162596366380938,0,17050,1.77
cpu_utilization_asg_misconfiguration,periodic,0.5,False,0.22558708858464052,0.13053515215110179,0.8298865910607072,0.23092630406534248,0.13053515215110179,1.0,1,1,0.5589442815249267,0.16162596366380938,17,17050,3.21
cpu_utilization_asg_misconfiguration,drift-triggered,0.5,False,0.22368163105273478,0.1311042169366885,0.7611741160773849,0.2318163348232426,0.1311042169366885,1.0,1,1,0.5104398826979473,0.16162596366380938,8,17050,2.18
cpu_utilization_asg_misconfiguration,static,0.7,False,0.25239923224568134,0.1474049994395247,0.8772515010006671,0.25693630324345446,0.1474049994395247,1.0,1,1,0.5232258064516129,0.16162596366380938,0,17050,0.26
cpu_utilization_asg_misconfiguration,online-no-reset,0.7,False,0.2877489438744719,0.1756557618626584,0.7951967978652434,0.2988217598395588,0.1756557618626584,1.0,1,1,0.3980058651026393,0.16162596366380938,0,17050,1.61
cpu_utilization_asg_misconfiguration,periodic,0.7,False,0.29403202328966527,0.1833938593595246,0.7411607738492328,0.30994559910726743,0.1833938593595246,1.0,1,1,0.35530791788856303,0.16162596366380938,17,17050,3.2
cpu_utilization_asg_misconfiguration,drift-triggered,0.7,False,0.2304123027972955,0.14377895433487756,0.5797198132088058,0.2514103862288442,0.14377895433487756,1.0,1,1,0.3544868035190616,0.16162596366380938,8,17050,2.61
cpu_utilization_asg_misconfiguration,static,0.8,False,0.2821990689425848,0.1692144091452878,0.8492328218812542,0.28944974988631195,0.1692144091452878,1.0,1,1,0.4412316715542522,0.16162596366380938,0,17050,0.31
cpu_utilization_asg_misconfiguration,online-no-reset,0.8,False,0.33389945652173914,0.22396901344269765,0.6557705136757839,0.3659717051377513,0.22396901344269765,1.0,1,1,0.2574193548387097,0.16162596366380938,0,17050,1.65
cpu_utilization_asg_misconfiguration,periodic,0.8,False,0.2718954248366013,0.1887966804979253,0.485657104736491,0.31762652705061084,0.1887966804979253,1.0,1,1,0.226158357771261,0.16162596366380938,17,17050,3.14
cpu_utilization_asg_misconfiguration,drift-triggered,0.8,False,0.19951519671825468,0.1384575569358178,0.35690460306871247,0.24323709934075927,0.1384575569358178,1.0,1,1,0.2266275659824047,0.16162596366380938,8,17050,2.1
cpu_utilization_asg_misconfiguration,static,0.9,False,0.3457005674378001,0.22106438407145515,0.7925283522348232,0.362084730265163,0.22106438407145515,1.0,1,1,0.3151906158357771,0.16162596366380938,0,17050,0.27
cpu_utilization_asg_misconfiguration,online-no-reset,0.9,False,0.2708947885939036,0.21448034254573764,0.3675783855903936,0.3532051282051282,0.21448034254573764,1.0,1,1,0.15067448680351905,0.16162596366380938,0,17050,2.05
cpu_utilization_asg_misconfiguration,periodic,0.9,False,0.08638906152889994,0.08086096567771961,0.09272848565710473,0.14962325080731972,0.08086096567771961,1.0,1,1,0.10082111436950146,0.16162596366380938,17,17050,3.22
cpu_utilization_asg_misconfiguration,drift-triggered,0.9,False,0.10982658959537574,0.09688934217236105,0.12675116744496331,0.17666201766620176,0.09688934217236105,1.0,1,1,0.11501466275659825,0.16162596366380938,8,17050,2.13
cpu_utilization_asg_misconfiguration,static,0.95,False,0.3994402239104358,0.28518412789037967,0.6664442961974649,0.44380275433140826,0.28518412789037967,1.0,1,1,0.20545454545454545,0.16162596366380938,0,17050,0.27
cpu_utilization_asg_misconfiguration,online-no-reset,0.95,False,0.28425787106446776,0.2581699346405229,0.3162108072048032,0.4103896103896104,0.2581699346405229,1.0,1,1,0.107683284457478,0.16162596366380938,0,17050,1.55
cpu_utilization_asg_misconfiguration,periodic,0.95,False,0.0,0.0,0.0,0.0,0.0,0.0,1,0,0.038651026392961876,0.16162596366380938,17,17050,3.43
cpu_utilization_asg_misconfiguration,drift-triggered,0.95,False,0.0,0.0,0.0,0.0,0.0,0.0,1,0,0.04211143695014663,0.16162596366380938,8,17050,2.01
cpu_utilization_asg_misconfiguration,static,0.98,True,0.1628065395095368,0.1663187195546277,0.15943962641761175,0.2852028639618139,0.1663187195546277,1.0,1,1,0.08428152492668621,0.16162596366380938,0,17050,0.25
cpu_utilization_asg_misconfiguration,online-no-reset,0.98,True,0.04938271604938272,0.0585544373284538,0.04269513008672448,0.11063094209161624,0.0585544373284538,1.0,1,1,0.06410557184750733,0.16162596366380938,0,17050,1.43
cpu_utilization_asg_misconfiguration,periodic,0.98,True,0.0,0.0,0.0,0.0,0.0,0.0,1,0,0.02973607038123167,0.16162596366380938,17,17050,2.93
cpu_utilization_asg_misconfiguration,drift-triggered,0.98,True,0.0,0.0,0.0,0.0,0.0,0.0,1,0,0.02785923753665689,0.16162596366380938,8,17050,1.96
nyc_taxi,static,0.5,False,0.19661242112255065,0.1187086424704231,0.5719806763285025,0.21222441297723607,0.1187086424704231,1.0,5,5,0.5350858369098712,0.1999034282955094,0,9320,0.22
nyc_taxi,online-no-reset,0.5,False,0.22892164982607258,0.13814474210315875,0.6676328502415458,0.24275425961707361,0.13814474210315875,1.0,5,5,0.5366952789699571,0.1999034282955094,0,9320,0.77
nyc_taxi,periodic,0.5,False,0.2301397886123423,0.13972262471537983,0.6521739130434783,0.24518706865237921,0.13972262471537983,1.0,5,5,0.5183476394849785,0.1999034282955094,9,9320,1.49
nyc_taxi,drift-triggered,0.5,False,0.20926489000178858,0.12840210711150132,0.5652173913043478,0.22758218245477535,0.12840210711150132,1.0,5,5,0.48884120171673817,0.1999034282955094,3,9320,0.92
nyc_taxi,static,0.7,False,0.20503432494279175,0.13433283358320838,0.43285024154589374,0.23684906159132962,0.13433283358320838,1.0,5,5,0.35783261802575106,0.1999034282955094,0,9320,0.21
nyc_taxi,online-no-reset,0.7,False,0.19765287214329832,0.14525646845211077,0.30917874396135264,0.25366627031311934,0.14525646845211077,1.0,5,5,0.2363733905579399,0.1999034282955094,0,9320,0.78
nyc_taxi,periodic,0.7,False,0.21398145828113255,0.14445196211096076,0.41256038647342996,0.25243866390777414,0.14445196211096076,1.0,5,5,0.31716738197424893,0.1999034282955094,9,9320,1.49
nyc_taxi,drift-triggered,0.7,False,0.22296087957044236,0.15159944367176634,0.421256038647343,0.2632850241545894,0.15159944367176634,1.0,5,5,0.30858369098712446,0.1999034282955094,3,9320,0.85
nyc_taxi,static,0.8,False,0.2108741363772905,0.15300784655623365,0.3391304347826087,0.265406427221172,0.15300784655623365,1.0,5,5,0.246137339055794,0.1999034282955094,0,9320,0.22
nyc_taxi,online-no-reset,0.8,False,0.18522860492379836,0.15551181102362205,0.2289855072463768,0.2691652470187394,0.15551181102362205,1.0,5,5,0.16351931330472103,0.1999034282955094,0,9320,0.78
nyc_taxi,periodic,0.8,False,0.20516129032258068,0.1539951573849879,0.3072463768115942,0.26689047419219475,0.1539951573849879,1.0,5,5,0.22156652360515022,0.1999034282955094,9,9320,1.5
nyc_taxi,drift-triggered,0.8,False,0.2193675889328063,0.1664167916041979,0.3217391304347826,0.2853470437017995,0.1664167916041979,1.0,5,5,0.21469957081545063,0.1999034282955094,3,9320,0.91
nyc_taxi,static,0.9,False,0.18387799564270155,0.16746031746031745,0.2038647342995169,0.28687967369136635,0.16746031746031745,1.0,5,5,0.1351931330472103,0.1999034282955094,0,9320,0.2
nyc_taxi,online-no-reset,0.9,False,0.15208690680388795,0.18627450980392157,0.1285024154589372,0.3140495867768595,0.18627450980392157,1.0,5,5,0.07660944206008584,0.1999034282955094,0,9320,0.91
nyc_taxi,periodic,0.9,False,0.1685288640595903,0.16262353998203055,0.1748792270531401,0.2797527047913447,0.16262353998203055,1.0,5,5,0.1194206008583691,0.1999034282955094,9,9320,1.64
nyc_taxi,drift-triggered,0.9,False,0.19634928465712875,0.2006048387096774,0.19227053140096617,0.33417296389588574,0.2006048387096774,1.0,5,5,0.10643776824034334,0.1999034282955094,3,9320,0.92
nyc_taxi,static,0.95,False,0.1213840045377198,0.14697802197802198,0.10338164251207729,0.2562874251497006,0.14697802197802198,1.0,5,5,0.07811158798283262,0.1999034282955094,0,9320,0.22
nyc_taxi,online-no-reset,0.95,False,0.13242574257425743,0.18416523235800344,0.10338164251207729,0.311046511627907,0.18416523235800344,1.0,5,5,0.06233905579399142,0.1999034282955094,0,9320,0.8
nyc_taxi,periodic,0.95,False,0.1199760047990402,0.15822784810126583,0.0966183574879227,0.273224043715847,0.15822784810126583,1.0,5,5,0.06781115879828326,0.1999034282955094,9,9320,1.59
nyc_taxi,drift-triggered,0.95,False,0.1183591123066577,0.19469026548672566,0.08502415458937199,0.3259259259259259,0.19469026548672566,1.0,5,5,0.04849785407725322,0.1999034282955094,3,9320,1.08
nyc_taxi,static,0.98,True,0.09907997169143665,0.18518518518518517,0.06763285024154589,0.3125,0.18518518518518517,1.0,5,5,0.04055793991416309,0.1999034282955094,0,9320,0.23
nyc_taxi,online-no-reset,0.98,True,0.11197732104890147,0.21010638297872342,0.07632850241545894,0.34725274725274724,0.21010638297872342,1.0,5,5,0.04034334763948498,0.1999034282955094,0,9320,0.79
nyc_taxi,periodic,0.98,True,0.06686930091185411,0.15658362989323843,0.04251207729468599,0.27076923076923076,0.15658362989323843,1.0,5,5,0.03015021459227468,0.1999034282955094,9,9320,1.54
nyc_taxi,drift-triggered,0.98,True,0.07383100902378999,0.24456521739130435,0.043478260869565216,0.3930131004366812,0.24456521739130435,1.0,5,5,0.019742489270386267,0.1999034282955094,3,9320,0.89
ambient_temperature_system_failure,static,0.5,False,0.25627842594423567,0.14961902562918494,0.8925619834710744,0.2602932315726049,0.14961902562918494,1.0,2,2,0.691080261688208,0.20763620763620763,0,6267,0.2
ambient_temperature_system_failure,online-no-reset,0.5,False,0.20015475883415013,0.12313551253570296,0.5344352617079889,0.21927098050296695,0.12313551253570296,1.0,2,2,0.5027924046593266,0.20763620763620763,0,6267,0.57
ambient_temperature_system_failure,periodic,0.5,False,0.2394995531724754,0.14293333333333333,0.7382920110192838,0.2501166588894074,0.14293333333333333,1.0,2,2,0.5983724269985639,0.20763620763620763,6,6267,1.05
ambient_temperature_system_failure,drift-triggered,0.5,False,0.22792937399678975,0.14143426294820718,0.5867768595041323,0.24781849912739964,0.14143426294820718,1.0,2,2,0.4806127333652465,0.20763620763620763,17,6267,2.27
ambient_temperature_system_failure,static,0.7,False,0.28861003861003864,0.17495611468695144,0.8236914600550964,0.29780876494023906,0.17495611468695144,1.0,2,2,0.5453965214616244,0.20763620763620763,0,6267,0.19
ambient_temperature_system_failure,online-no-reset,0.7,False,0.19337848006019562,0.13302277432712215,0.35399449035812675,0.2348104157149383,0.13302277432712215,1.0,2,2,0.30828147438966014,0.20763620763620763,0,6267,0.6
ambient_temperature_system_failure,periodic,0.7,False,0.2527267890396382,0.15661061655126937,0.6542699724517906,0.2708095781071836,0.15661061655126937,1.0,2,2,0.48396361895643847,0.20763620763620763,6,6267,0.97
ambient_temperature_system_failure,drift-triggered,0.7,False,0.22214285714285714,0.14995178399228543,0.4283746556473829,0.26079664570230604,0.14995178399228543,1.0,2,2,0.33093984362533907,0.20763620763620763,17,6267,2.34
ambient_temperature_system_failure,static,0.8,False,0.3072205185391692,0.19259000349528138,0.7589531680440771,0.32297772567409144,0.19259000349528138,1.0,2,2,0.45651827030477105,0.20763620763620763,0,6267,0.18
ambient_temperature_system_failure,online-no-reset,0.8,False,0.13155473781048757,0.09875690607734806,0.19696969696969696,0.16493656286043828,0.09875690607734806,0.5,2,1,0.23105153981171214,0.20763620763620763,0,6267,0.56
ambient_temperature_system_failure,periodic,0.8,False,0.24689863842662632,0.15820085304381543,0.5619834710743802,0.2731837964512889,0.15820085304381543,1.0,2,2,0.411520663794479,0.20763620763620763,6,6267,1.01
ambient_temperature_system_failure,drift-triggered,0.8,False,0.2057335581787521,0.14823815309842042,0.33608815426997246,0.2582010582010582,0.14823815309842042,1.0,2,2,0.2626456039572363,0.20763620763620763,17,6267,2.28
ambient_temperature_system_failure,static,0.9,False,0.3411167512690355,0.22611036339165544,0.6942148760330579,0.36882546652030734,0.22611036339165544,1.0,2,2,0.3556725706079464,0.20763620763620763,0,6267,0.17
ambient_temperature_system_failure,online-no-reset,0.9,False,0.11715481171548119,0.10348468848996832,0.1349862258953168,0.1714785651793526,0.10348468848996832,0.5,2,1,0.151108983564704,0.20763620763620763,0,6267,0.54
ambient_temperature_system_failure,periodic,0.9,False,0.2396946564885496,0.16578669482576558,0.4325068870523416,0.28442028985507245,0.16578669482576558,1.0,2,2,0.302217967129408,0.20763620763620763,6,6267,1.04
ambient_temperature_system_failure,drift-triggered,0.9,False,0.20324189526184538,0.1856492027334852,0.22451790633608815,0.31316042267050914,0.1856492027334852,1.0,2,2,0.14009893090793044,0.20763620763620763,17,6267,2.29
ambient_temperature_system_failure,static,0.95,False,0.35802469135802467,0.25528169014084506,0.5991735537190083,0.4067321178120617,0.25528169014084506,1.0,2,2,0.27190043082814747,0.20763620763620763,0,6267,0.18
ambient_temperature_system_failure,online-no-reset,0.95,False,0.09205020920502092,0.11727078891257996,0.07575757575757576,0.1899827288428325,0.11727078891257996,0.5,2,1,0.07483644486995372,0.20763620763620763,0,6267,0.55
ambient_temperature_system_failure,periodic,0.95,False,0.24081822408182238,0.18175438596491228,0.35674931129476584,0.30760095011876487,0.18175438596491228,1.0,2,2,0.2273815222594543,0.20763620763620763,6,6267,0.99
ambient_temperature_system_failure,drift-triggered,0.95,False,0.20857863751051303,0.2678185745140389,0.17079889807162535,0.4224872231686542,0.2678185745140389,1.0,2,2,0.07387904898675603,0.20763620763620763,17,6267,2.36
ambient_temperature_system_failure,static,0.98,True,0.37125129265770423,0.29718543046357615,0.49449035812672176,0.4582003828972559,0.29718543046357615,1.0,2,2,0.19275570448380405,0.20763620763620763,0,6267,0.19
ambient_temperature_system_failure,online-no-reset,0.98,True,0.08492569002123142,0.18518518518518517,0.05509641873278237,0.2702702702702703,0.18518518518518517,0.5,2,1,0.03446625179511728,0.20763620763620763,0,6267,0.56
ambient_temperature_system_failure,periodic,0.98,True,0.28949199721642305,0.29254571026722925,0.2865013774104683,0.45266594124047876,0.29254571026722925,1.0,2,2,0.11345141215892772,0.20763620763620763,6,6267,1.0
ambient_temperature_system_failure,drift-triggered,0.98,True,0.07627118644067797,0.1651376146788991,0.049586776859504134,0.2482758620689655,0.1651376146788991,0.5,2,1,0.03478538375618318,0.20763620763620763,17,6267,2.34
rogue_agent_key_updown,static,0.5,False,0.06687565308254963,0.07494145199063232,0.06037735849056604,0.13943355119825707,0.07494145199063232,1.0,2,2,0.09895712630359212,0.21878224974200206,0,4315,0.16
rogue_agent_key_updown,online-no-reset,0.5,False,0.1622187336473051,0.11223750905141203,0.29245283018867924,0.20182291666666669,0.11223750905141203,1.0,2,2,0.32004634994206255,0.21878224974200206,0,4315,0.49
rogue_agent_key_updown,periodic,0.5,False,0.045356371490280774,0.05303030303030303,0.03962264150943396,0.10071942446043167,0.05303030303030303,1.0,2,2,0.0917728852838934,0.21878224974200206,4,4315,0.83
rogue_agent_key_updown,drift-triggered,0.5,False,0.06687565308254963,0.07494145199063232,0.06037735849056604,0.13943355119825707,0.07494145199063232,1.0,2,2,0.09895712630359212,0.21878224974200206,2,4315,0.62
rogue_agent_key_updown,static,0.7,False,0.06687565308254963,0.07494145199063232,0.06037735849056604,0.13943355119825707,0.07494145199063232,1.0,2,2,0.09895712630359212,0.21878224974200206,0,4315,0.16
rogue_agent_key_updown,online-no-reset,0.7,False,0.1622187336473051,0.11223750905141203,0.29245283018867924,0.20182291666666669,0.11223750905141203,1.0,2,2,0.32004634994206255,0.21878224974200206,0,4315,0.49
rogue_agent_key_updown,periodic,0.7,False,0.03285870755750274,0.0391644908616188,0.02830188679245283,0.07537688442211055,0.0391644908616188,1.0,2,2,0.08876013904982619,0.21878224974200206,4,4315,0.85
rogue_agent_key_updown,drift-triggered,0.7,False,0.06687565308254963,0.07494145199063232,0.06037735849056604,0.13943355119825707,0.07494145199063232,1.0,2,2,0.09895712630359212,0.21878224974200206,2,4315,0.64
rogue_agent_key_updown,static,0.8,False,0.06687565308254963,0.07494145199063232,0.06037735849056604,0.13943355119825707,0.07494145199063232,1.0,2,2,0.09895712630359212,0.21878224974200206,0,4315,0.16
rogue_agent_key_updown,online-no-reset,0.8,False,0.1622187336473051,0.11223750905141203,0.29245283018867924,0.20182291666666669,0.11223750905141203,1.0,2,2,0.32004634994206255,0.21878224974200206,0,4315,0.49
rogue_agent_key_updown,periodic,0.8,False,0.028729281767955802,0.034666666666666665,0.024528301886792454,0.06701030927835051,0.034666666666666665,1.0,2,2,0.08690614136732329,0.21878224974200206,4,4315,0.88
rogue_agent_key_updown,drift-triggered,0.8,False,0.06694560669456066,0.07511737089201878,0.06037735849056604,0.13973799126637554,0.07511737089201878,1.0,2,2,0.09872537659327926,0.21878224974200206,2,4315,0.66
rogue_agent_key_updown,static,0.9,False,0.06864988558352403,0.0872093023255814,0.05660377358490566,0.16042780748663102,0.0872093023255814,1.0,2,2,0.07972190034762457,0.21878224974200206,0,4315,0.14
rogue_agent_key_updown,online-no-reset,0.9,False,0.065081351689612,0.09665427509293681,0.04905660377358491,0.17627118644067796,0.09665427509293681,1.0,2,2,0.06234067207415991,0.21878224974200206,0,4315,0.48
rogue_agent_key_updown,periodic,0.9,False,0.02140309155766944,0.028938906752411574,0.016981132075471698,0.05625,0.028938906752411574,1.0,2,2,0.07207415990730012,0.21878224974200206,4,4315,0.89
rogue_agent_key_updown,drift-triggered,0.9,False,0.05787037037037037,0.0748502994011976,0.04716981132075472,0.13927576601671307,0.0748502994011976,1.0,2,2,0.07740440324449595,0.21878224974200206,2,4315,0.6
rogue_agent_key_updown,static,0.95,False,0.04788732394366197,0.09444444444444444,0.03207547169811321,0.17258883248730963,0.09444444444444444,1.0,2,2,0.04171494785631518,0.21878224974200206,0,4315,0.15
rogue_agent_key_updown,online-no-reset,0.95,False,0.05224963715529753,0.11320754716981132,0.033962264150943396,0.2033898305084746,0.11320754716981132,1.0,2,2,0.036848203939745076,0.21878224974200206,0,4315,0.47
rogue_agent_key_updown,periodic,0.95,False,0.020942408376963352,0.03418803418803419,0.01509433962264151,0.06611570247933884,0.03418803418803419,1.0,2,2,0.054229432213209736,0.21878224974200206,4,4315,0.86
rogue_agent_key_updown,drift-triggered,0.95,False,0.04132231404958678,0.07653061224489796,0.02830188679245283,0.14218009478672988,0.07653061224489796,1.0,2,2,0.045422943221320976,0.21878224974200206,2,4315,0.62
rogue_agent_key_updown,static,0.98,True,0.0392156862745098,0.14634146341463414,0.022641509433962263,0.2553191489361702,0.14634146341463414,1.0,2,2,0.019003476245654693,0.21878224974200206,0,4315,0.15
rogue_agent_key_updown,online-no-reset,0.98,True,0.03915171288743883,0.14457831325301204,0.022641509433962263,0.25263157894736843,0.14457831325301204,1.0,2,2,0.019235225955967557,0.21878224974200206,0,4315,0.49
rogue_agent_key_updown,periodic,0.98,True,0.012759170653907496,0.041237113402061855,0.007547169811320755,0.0761904761904762,0.041237113402061855,0.5,2,1,0.022479721900347624,0.21878224974200206,4,4315,0.84
rogue_agent_key_updown,drift-triggered,0.98,True,0.03980099502487562,0.1643835616438356,0.022641509433962263,0.2823529411764706,0.1643835616438356,1.0,2,2,0.016917728852838935,0.21878224974200206,2,4315,0.66
ec2_request_latency_system_failure,static,0.5,False,0.18949536560247165,0.11528822055137844,0.5317919075144508,0.20674157303370783,0.11528822055137844,1.0,3,3,0.5263852242744064,0.20485494375370042,0,3032,0.18
ec2_request_latency_system_failure,online-no-reset,0.5,False,0.17728055077452667,0.10414560161779575,0.5953757225433526,0.18864468864468864,0.10414560161779575,1.0,3,3,0.6523746701846965,0.20485494375370042,0,3032,0.33
ec2_request_latency_system_failure,periodic,0.5,False,0.175054704595186,0.10796221322537113,0.4624277456647399,0.194884287454324,0.10796221322537113,1.0,3,3,0.4887862796833773,0.20485494375370042,3,3032,0.57
ec2_request_latency_system_failure,drift-triggered,0.5,False,0.17742841100505333,0.11010452961672473,0.45664739884393063,0.19836785938480853,0.11010452961672473,1.0,3,3,0.4732849604221636,0.20485494375370042,2,3032,0.49
ec2_request_latency_system_failure,static,0.7,False,0.16778523489932887,0.10926573426573427,0.36127167630057805,0.19700551615445236,0.10926573426573427,1.0,3,3,0.37730870712401055,0.20485494375370042,0,3032,0.18
ec2_request_latency_system_failure,online-no-reset,0.7,False,0.14319433516915814,0.09837837837837837,0.2630057803468208,0.17913385826771655,0.09837837837837837,1.0,3,3,0.30507915567282323,0.20485494375370042,0,3032,0.38
ec2_request_latency_system_failure,periodic,0.7,False,0.15726767275615566,0.10843373493975904,0.2861271676300578,0.1956521739130435,0.10843373493975904,1.0,3,3,0.3011213720316623,0.20485494375370042,3,3032,0.6
ec2_request_latency_system_failure,drift-triggered,0.7,False,0.15746753246753245,0.10948081264108352,0.28034682080924855,0.1973550356052899,0.10948081264108352,1.0,3,3,0.2922163588390501,0.20485494375370042,2,3032,0.49
ec2_request_latency_system_failure,static,0.8,False,0.1584967320261438,0.11047835990888383,0.28034682080924855,0.19897435897435897,0.11047835990888383,1.0,3,3,0.2895778364116095,0.20485494375370042,0,3032,0.17
ec2_request_latency_system_failure,online-no-reset,0.8,False,0.1447721179624665,0.10478654592496765,0.23410404624277456,0.18969555035128804,0.10478654592496765,1.0,3,3,0.25494722955145116,0.20485494375370042,0,3032,0.34
ec2_request_latency_system_failure,periodic,0.8,False,0.15497382198952878,0.12151067323481117,0.2138728323699422,0.21669106881405564,0.12151067323481117,1.0,3,3,0.2008575197889182,0.20485494375370042,3,3032,0.63
ec2_request_latency_system_failure,drift-triggered,0.8,False,0.13675213675213674,0.10847457627118644,0.18497109826589594,0.19571865443425074,0.10847457627118644,1.0,3,3,0.1945910290237467,0.20485494375370042,2,3032,0.48
ec2_request_latency_system_failure,static,0.9,False,0.13567251461988303,0.11394891944990176,0.1676300578034682,0.20458553791887127,0.11394891944990176,1.0,3,3,0.16787598944591028,0.20485494375370042,0,3032,0.16
ec2_request_latency_system_failure,online-no-reset,0.9,False,0.14781634938409854,0.1206581352833638,0.1907514450867052,0.21533442088091354,0.1206581352833638,1.0,3,3,0.1804089709762533,0.20485494375370042,0,3032,0.33
ec2_request_latency_system_failure,periodic,0.9,False,0.12735166425470332,0.12753623188405797,0.12716763005780346,0.2262210796915167,0.12753623188405797,1.0,3,3,0.1137862796833773,0.20485494375370042,3,3032,0.59
ec2_request_latency_system_failure,drift-triggered,0.9,False,0.11094890510948904,0.11209439528023599,0.10982658959537572,0.2015915119363395,0.11209439528023599,1.0,3,3,0.11180738786279683,0.20485494375370042,2,3032,0.54
ec2_request_latency_system_failure,static,0.95,False,0.12199036918138043,0.1371841155234657,0.10982658959537572,0.2412698412698413,0.1371841155234657,1.0,3,3,0.09135883905013192,0.20485494375370042,0,3032,0.17
ec2_request_latency_system_failure,online-no-reset,0.95,False,0.11276948590381426,0.13229571984435798,0.09826589595375723,0.23367697594501718,0.13229571984435798,1.0,3,3,0.08476253298153034,0.20485494375370042,0,3032,0.34
ec2_request_latency_system_failure,periodic,0.95,False,0.10989010989010989,0.15,0.08670520231213873,0.2608695652173913,0.15,1.0,3,3,0.06596306068601583,0.20485494375370042,3,3032,0.57
ec2_request_latency_system_failure,drift-triggered,0.95,False,0.11334552102376598,0.15422885572139303,0.08959537572254335,0.2672413793103448,0.15422885572139303,1.0,3,3,0.06629287598944592,0.20485494375370042,2,3032,0.54
ec2_request_latency_system_failure,static,0.98,True,0.10714285714285714,0.17088607594936708,0.07803468208092486,0.29189189189189185,0.17088607594936708,1.0,3,3,0.052110817941952506,0.20485494375370042,0,3032,0.17
ec2_request_latency_system_failure,online-no-reset,0.98,True,0.09892473118279568,0.19327731092436976,0.06647398843930635,0.323943661971831,0.19327731092436976,1.0,3,3,0.03924802110817942,0.20485494375370042,0,3032,0.35
ec2_request_latency_system_failure,periodic,0.98,True,0.09433962264150944,0.2564102564102564,0.057803468208092484,0.4081632653061224,0.2564102564102564,1.0,3,3,0.025725593667546173,0.20485494375370042,3,3032,0.58
ec2_request_latency_system_failure,drift-triggered,0.98,True,0.09195402298850576,0.2247191011235955,0.057803468208092484,0.36697247706422015,0.2247191011235955,1.0,3,3,0.029353562005277046,0.20485494375370042,2,3032,0.5
